Toyota;Honda;Ferrari
Toyota;Honda;Porsche
Honda;Ferrari;Porsche
Toyota;Honda;Ferrari
Honda;Ferrari;Porsche
Honda;Ferrari;Porsche
Toyota;Ferrari;Porsche
Toyota;Honda;Porsche
Toyota;Honda;Porsche
Honda;Ferrari;Porsche
Toyota;Ferrari;Porsche
Toyota;Honda;Porsche
Toyota;Honda;Porsche
Honda;Ferrari;Porsche
Toyota;Honda;Porsche
Honda;Ferrari;Porsche
Toyota;Honda;Porsche
Toyota;Ferrari;Porsche
Toyota;Honda;Ferrari
Toyota;Honda;Porsche
Toyota;Ferrari;Porsche
Toyota;Honda;Ferrari
Toyota;Honda;Ferrari
Honda;Ferrari;Porsche
Toyota;Ferrari;Porsche
Toyota;Honda;Porsche
Honda;Ferrari;Porsche
Toyota;Honda;Porsche
Toyota;Honda;Porsche
Toyota;Honda;Ferrari
Honda;Ferrari;Porsche
Honda;Ferrari;Porsche
Toyota;Ferrari;Porsche
Honda;Ferrari;Porsche
Honda;Ferrari;Porsche
Toyota;Honda;Ferrari
Toyota;Honda;Ferrari
Toyota;Honda;Ferrari
Toyota;Ferrari;Porsche
Toyota;Honda;Porsche
Toyota;Ferrari;Porsche
Toyota;Honda;Ferrari
Honda;Ferrari;Porsche
Honda;Ferrari;Porsche
Honda;Ferrari;Porsche
Toyota;Honda;Porsche
Toyota;Ferrari;Porsche
Toyota;Honda;Ferrari
Toyota;Honda;Porsche
Toyota;Honda;Porsche
Toyota;Honda;Porsche
Toyota;Honda;Porsche
Toyota;Honda;Ferrari
Toyota;Honda;Ferrari
Toyota;Ferrari;Porsche
Honda;Ferrari;Porsche
Honda;Ferrari;Porsche
Honda;Ferrari;Porsche
Toyota;Honda;Porsche
Toyota;Ferrari;Porsche
Toyota;Honda;Porsche
Honda;Ferrari;Porsche
Toyota;Ferrari;Porsche
Toyota;Honda;Porsche
Toyota;Honda;Ferrari
Honda;Ferrari;Porsche
Toyota;Ferrari;Porsche
Toyota;Honda;Porsche
Toyota;Honda;Porsche
Toyota;Ferrari;Porsche
Toyota;Honda;Ferrari
Toyota;Honda;Ferrari
Toyota;Honda;Porsche
Toyota;Honda;Ferrari
Honda;Ferrari;Porsche
Toyota;Honda;Porsche
Toyota;Ferrari;Porsche
Toyota;Honda;Porsche
Toyota;Ferrari;Porsche
Honda;Ferrari;Porsche
Toyota;Honda;Porsche
Honda;Ferrari;Porsche
Honda;Ferrari;Porsche
Toyota;Honda;Ferrari
Toyota;Honda;Porsche
Toyota;Ferrari;Porsche
Toyota;Honda;Porsche
Toyota;Ferrari;Porsche
Honda;Ferrari;Porsche
Toyota;Ferrari;Porsche
Toyota;Ferrari;Porsche
Honda;Ferrari;Porsche
Toyota;Honda;Ferrari
Toyota;Honda;Porsche
Honda;Ferrari;Porsche
Toyota;Ferrari;Porsche
Honda;Ferrari;Porsche
Toyota;Honda;Porsche
Toyota;Honda;Ferrari
Toyota;Honda;Porsche
